pokemon_id,generation_id
1,1
1,2
1,3
1,4
1,5
1,6
1,7
1,8
2,1
2,2
2,3
2,4
2,5
2,6
2,7
2,8
3,1
3,2
3,3
3,4
3,5
3,6
3,7
3,8
4,1
4,2
4,3
4,4
4,5
4,6
4,7
4,8
5,1
5,2
5,3
5,4
5,5
5,6
5,7
5,8
6,1
6,2
6,3
6,4
6,5
6,6
6,7
6,8
7,1
7,2
7,3
7,4
7,5
7,6
7,7
7,8
8,1
8,2
8,3
8,4
8,5
8,6
8,7
8,8
9,1
9,2
9,3
9,4
9,5
9,6
9,7
9,8
10,1
10,2
10,3
10,4
10,5
10,6
10,7
10,8
11,1
11,2
11,3
11,4
11,5
11,6
11,7
11,8
12,1
12,2
12,3
12,4
12,5
12,6
12,7
12,8
13,1
13,2
13,3
13,4
13,5
13,6
13,7
14,1
14,2
14,3
14,4
14,5
14,6
14,7
15,1
15,2
15,3
15,4
15,5
15,6
15,7
16,1
16,2
16,3
16,4
16,5
16,6
16,7
17,1
17,2
17,3
17,4
17,5
17,6
17,7
18,1
18,2
18,3
18,4
18,5
18,6
18,7
19,1
19,2
19,3
19,4
19,5
19,6
19,7
20,1
20,2
20,3
20,4
20,5
20,6
20,7
21,1
21,2
21,3
21,4
21,5
21,6
21,7
22,1
22,2
22,3
22,4
22,5
22,6
22,7
23,1
23,2
23,3
23,4
23,5
23,6
23,7
24,1
24,2
24,3
24,4
24,5
24,6
24,7
25,1
25,2
25,3
25,4
25,5
25,6
25,7
25,8
26,1
26,2
26,3
26,4
26,5
26,6
26,7
26,8
27,1
27,2
27,3
27,4
27,5
27,6
27,7
27,8
28,1
28,2
28,3
28,4
28,5
28,6
28,7
28,8
29,1
29,2
29,3
29,4
29,5
29,6
29,7
29,8
30,1
30,2
30,3
30,4
30,5
30,6
30,7
30,8
31,1
31,2
31,3
31,4
31,5
31,6
31,7
31,8
32,1
32,2
32,3
32,4
32,5
32,6
32,7
32,8
33,1
33,2
33,3
33,4
33,5
33,6
33,7
33,8
34,1
34,2
34,3
34,4
34,5
34,6
34,7
34,8
35,1
35,2
35,3
35,4
35,5
35,6
35,7
35,8
36,1
36,2
36,3
36,4
36,5
36,6
36,7
36,8
37,1
37,2
37,3
37,4
37,5
37,6
37,7
37,8
38,1
38,2
38,3
38,4
38,5
38,6
38,7
38,8
39,1
39,2
39,3
39,4
39,5
39,6
39,7
39,8
40,1
40,2
40,3
40,4
40,5
40,6
40,7
40,8
41,1
41,2
41,3
41,4
41,5
41,6
41,7
41,8
42,1
42,2
42,3
42,4
42,5
42,6
42,7
42,8
43,1
43,2
43,3
43,4
43,5
43,6
43,7
43,8
44,1
44,2
44,3
44,4
44,5
44,6
44,7
44,8
45,1
45,2
45,3
45,4
45,5
45,6
45,7
45,8
46,1
46,2
46,3
46,4
46,5
46,6
46,7
47,1
47,2
47,3
47,4
47,5
47,6
47,7
48,1
48,2
48,3
48,4
48,5
48,6
48,7
49,1
49,2
49,3
49,4
49,5
49,6
49,7
50,1
50,2
50,3
50,4
50,5
50,6
50,7
50,8
51,1
51,2
51,3
51,4
51,5
51,6
51,7
51,8
52,1
52,2
52,3
52,4
52,5
52,6
52,7
52,8
53,1
53,2
53,3
53,4
53,5
53,6
53,7
53,8
54,1
54,2
54,3
54,4
54,5
54,6
54,7
54,8
55,1
55,2
55,3
55,4
55,5
55,6
55,7
55,8
56,1
56,2
56,3
56,4
56,5
56,6
56,7
57,1
57,2
57,3
57,4
57,5
57,6
57,7
58,1
58,2
58,3
58,4
58,5
58,6
58,7
58,8
59,1
59,2
59,3
59,4
59,5
59,6
59,7
59,8
60,1
60,2
60,3
60,4
60,5
60,6
60,7
60,8
61,1
61,2
61,3
61,4
61,5
61,6
61,7
61,8
62,1
62,2
62,3
62,4
62,5
62,6
62,7
62,8
63,1
63,2
63,3
63,4
63,5
63,6
63,7
63,8
64,1
64,2
64,3
64,4
64,5
64,6
64,7
64,8
65,1
65,2
65,3
65,4
65,5
65,6
65,7
65,8
66,1
66,2
66,3
66,4
66,5
66,6
66,7
66,8
67,1
67,2
67,3
67,4
67,5
67,6
67,7
67,8
68,1
68,2
68,3
68,4
68,5
68,6
68,7
68,8
69,1
69,2
69,3
69,4
69,5
69,6
69,7
70,1
70,2
70,3
70,4
70,5
70,6
70,7
71,1
71,2
71,3
71,4
71,5
71,6
71,7
72,1
72,2
72,3
72,4
72,5
72,6
72,7
72,8
73,1
73,2
73,3
73,4
73,5
73,6
73,7
73,8
74,1
74,2
74,3
74,4
74,5
74,6
74,7
75,1
75,2
75,3
75,4
75,5
75,6
75,7
76,1
76,2
76,3
76,4
76,5
76,6
76,7
77,1
77,2
77,3
77,4
77,5
77,6
77,7
77,8
78,1
78,2
78,3
78,4
78,5
78,6
78,7
78,8
79,1
79,2
79,3
79,4
79,5
79,6
79,7
79,8
80,1
80,2
80,3
80,4
80,5
80,6
80,7
80,8
81,1
81,2
81,3
81,4
81,5
81,6
81,7
81,8
82,1
82,2
82,3
82,4
82,5
82,6
82,7
82,8
83,1
83,2
83,3
83,4
83,5
83,6
83,7
83,8
84,1
84,2
84,3
84,4
84,5
84,6
84,7
85,1
85,2
85,3
85,4
85,5
85,6
85,7
86,1
86,2
86,3
86,4
86,5
86,6
86,7
87,1
87,2
87,3
87,4
87,5
87,6
87,7
88,1
88,2
88,3
88,4
88,5
88,6
88,7
89,1
89,2
89,3
89,4
89,5
89,6
89,7
90,1
90,2
90,3
90,4
90,5
90,6
90,7
90,8
91,1
91,2
91,3
91,4
91,5
91,6
91,7
91,8
92,1
92,2
92,3
92,4
92,5
92,6
92,7
92,8
93,1
93,2
93,3
93,4
93,5
93,6
93,7
93,8
94,1
94,2
94,3
94,4
94,5
94,6
94,7
94,8
95,1
95,2
95,3
95,4
95,5
95,6
95,7
95,8
96,1
96,2
96,3
96,4
96,5
96,6
96,7
97,1
97,2
97,3
97,4
97,5
97,6
97,7
98,1
98,2
98,3
98,4
98,5
98,6
98,7
98,8
99,1
99,2
99,3
99,4
99,5
99,6
99,7
99,8
100,1
100,2
100,3
100,4
100,5
100,6
100,7
101,1
101,2
101,3
101,4
101,5
101,6
101,7
102,1
102,2
102,3
102,4
102,5
102,6
102,7
102,8
103,1
103,2
103,3
103,4
103,5
103,6
103,7
103,8
104,1
104,2
104,3
104,4
104,5
104,6
104,7
104,8
105,1
105,2
105,3
105,4
105,5
105,6
105,7
105,8
106,1
106,2
106,3
106,4
106,5
106,6
106,7
106,8
107,1
107,2
107,3
107,4
107,5
107,6
107,7
107,8
108,1
108,2
108,3
108,4
108,5
108,6
108,7
108,8
109,1
109,2
109,3
109,4
109,5
109,6
109,7
109,8
110,1
110,2
110,3
110,4
110,5
110,6
110,7
110,8
111,1
111,2
111,3
111,4
111,5
111,6
111,7
111,8
112,1
112,2
112,3
112,4
112,5
112,6
112,7
112,8
113,1
113,2
113,3
113,4
113,5
113,6
113,7
113,8
114,1
114,2
114,3
114,4
114,5
114,6
114,7
114,8
115,1
115,2
115,3
115,4
115,5
115,6
115,7
115,8
116,1
116,2
116,3
116,4
116,5
116,6
116,7
116,8
117,1
117,2
117,3
117,4
117,5
117,6
117,7
117,8
118,1
118,2
118,3
118,4
118,5
118,6
118,7
118,8
119,1
119,2
119,3
119,4
119,5
119,6
119,7
119,8
120,1
120,2
120,3
120,4
120,5
120,6
120,7
120,8
121,1
121,2
121,3
121,4
121,5
121,6
121,7
121,8
122,1
122,2
122,3
122,4
122,5
122,6
122,7
122,8
123,1
123,2
123,3
123,4
123,5
123,6
123,7
123,8
124,1
124,2
124,3
124,4
124,5
124,6
124,7
124,8
125,1
125,2
125,3
125,4
125,5
125,6
125,7
125,8
126,1
126,2
126,3
126,4
126,5
126,6
126,7
126,8
127,1
127,2
127,3
127,4
127,5
127,6
127,7
127,8
128,1
128,2
128,3
128,4
128,5
128,6
128,7
128,8
129,1
129,2
129,3
129,4
129,5
129,6
129,7
129,8
130,1
130,2
130,3
130,4
130,5
130,6
130,7
130,8
131,1
131,2
131,3
131,4
131,5
131,6
131,7
131,8
132,1
132,2
132,3
132,4
132,5
132,6
132,7
132,8
133,1
133,2
133,3
133,4
133,5
133,6
133,7
133,8
134,1
134,2
134,3
134,4
134,5
134,6
134,7
134,8
135,1
135,2
135,3
135,4
135,5
135,6
135,7
135,8
136,1
136,2
136,3
136,4
136,5
136,6
136,7
136,8
137,1
137,2
137,3
137,4
137,5
137,6
137,7
137,8
138,1
138,2
138,3
138,4
138,5
138,6
138,7
138,8
139,1
139,2
139,3
139,4
139,5
139,6
139,7
139,8
140,1
140,2
140,3
140,4
140,5
140,6
140,7
140,8
141,1
141,2
141,3
141,4
141,5
141,6
141,7
141,8
142,1
142,2
142,3
142,4
142,5
142,6
142,7
142,8
143,1
143,2
143,3
143,4
143,5
143,6
143,7
143,8
144,1
144,2
144,3
144,4
144,5
144,6
144,7
144,8
145,1
145,2
145,3
145,4
145,5
145,6
145,7
145,8
146,1
146,2
146,3
146,4
146,5
146,6
146,7
146,8
147,1
147,2
147,3
147,4
147,5
147,6
147,7
147,8
148,1
148,2
148,3
148,4
148,5
148,6
148,7
148,8
149,1
149,2
149,3
149,4
149,5
149,6
149,7
149,8
150,1
150,2
150,3
150,4
150,5
150,6
150,7
150,8
151,1
151,2
151,3
151,4
151,5
151,6
151,7
151,8
152,2
152,3
152,4
152,5
152,6
152,7
153,2
153,3
153,4
153,5
153,6
153,7
154,2
154,3
154,4
154,5
154,6
154,7
155,2
155,3
155,4
155,5
155,6
155,7
156,2
156,3
156,4
156,5
156,6
156,7
157,2
157,3
157,4
157,5
157,6
157,7
158,2
158,3
158,4
158,5
158,6
158,7
159,2
159,3
159,4
159,5
159,6
159,7
160,2
160,3
160,4
160,5
160,6
160,7
161,2
161,3
161,4
161,5
161,6
161,7
162,2
162,3
162,4
162,5
162,6
162,7
163,2
163,3
163,4
163,5
163,6
163,7
163,8
164,2
164,3
164,4
164,5
164,6
164,7
164,8
165,2
165,3
165,4
165,5
165,6
165,7
166,2
166,3
166,4
166,5
166,6
166,7
167,2
167,3
167,4
167,5
167,6
167,7
168,2
168,3
168,4
168,5
168,6
168,7
169,2
169,3
169,4
169,5
169,6
169,7
169,8
170,2
170,3
170,4
170,5
170,6
170,7
170,8
171,2
171,3
171,4
171,5
171,6
171,7
171,8
172,2
172,3
172,4
172,5
172,6
172,7
172,8
173,2
173,3
173,4
173,5
173,6
173,7
173,8
174,2
174,3
174,4
174,5
174,6
174,7
174,8
175,2
175,3
175,4
175,5
175,6
175,7
175,8
176,2
176,3
176,4
176,5
176,6
176,7
176,8
177,2
177,3
177,4
177,5
177,6
177,7
177,8
178,2
178,3
178,4
178,5
178,6
178,7
178,8
179,2
179,3
179,4
179,5
179,6
179,7
180,2
180,3
180,4
180,5
180,6
180,7
181,2
181,3
181,4
181,5
181,6
181,7
182,2
182,3
182,4
182,5
182,6
182,7
182,8
183,2
183,3
183,4
183,5
183,6
183,7
183,8
184,2
184,3
184,4
184,5
184,6
184,7
184,8
185,2
185,3
185,4
185,5
185,6
185,7
185,8
186,2
186,3
186,4
186,5
186,6
186,7
186,8
187,2
187,3
187,4
187,5
187,6
187,7
188,2
188,3
188,4
188,5
188,6
188,7
189,2
189,3
189,4
189,5
189,6
189,7
190,2
190,3
190,4
190,5
190,6
190,7
191,2
191,3
191,4
191,5
191,6
191,7
192,2
192,3
192,4
192,5
192,6
192,7
193,2
193,3
193,4
193,5
193,6
193,7
194,2
194,3
194,4
194,5
194,6
194,7
194,8
195,2
195,3
195,4
195,5
195,6
195,7
195,8
196,2
196,3
196,4
196,5
196,6
196,7
196,8
197,2
197,3
197,4
197,5
197,6
197,7
197,8
198,2
198,3
198,4
198,5
198,6
198,7
199,2
199,3
199,4
199,5
199,6
199,7
199,8
200,2
200,3
200,4
200,5
200,6
200,7
201,2
201,3
201,4
201,5
201,6
201,7
202,2
202,3
202,4
202,5
202,6
202,7
202,8
203,2
203,3
203,4
203,5
203,6
203,7
204,2
204,3
204,4
204,5
204,6
204,7
205,2
205,3
205,4
205,5
205,6
205,7
206,2
206,3
206,4
206,5
206,6
206,7
206,8
207,2
207,3
207,4
207,5
207,6
207,7
208,2
208,3
208,4
208,5
208,6
208,7
208,8
209,2
209,3
209,4
209,5
209,6
209,7
210,2
210,3
210,4
210,5
210,6
210,7
211,2
211,3
211,4
211,5
211,6
211,7
211,8
212,2
212,3
212,4
212,5
212,6
212,7
212,8
213,2
213,3
213,4
213,5
213,6
213,7
213,8
214,2
214,3
214,4
214,5
214,6
214,7
214,8
215,2
215,3
215,4
215,5
215,6
215,7
215,8
216,2
216,3
216,4
216,5
216,6
216,7
217,2
217,3
217,4
217,5
217,6
217,7
218,2
218,3
218,4
218,5
218,6
218,7
219,2
219,3
219,4
219,5
219,6
219,7
220,2
220,3
220,4
220,5
220,6
220,7
220,8
221,2
221,3
221,4
221,5
221,6
221,7
221,8
222,2
222,3
222,4
222,5
222,6
222,7
222,8
223,2
223,3
223,4
223,5
223,6
223,7
223,8
224,2
224,3
224,4
224,5
224,6
224,7
224,8
225,2
225,3
225,4
225,5
225,6
225,7
225,8
226,2
226,3
226,4
226,5
226,6
226,7
226,8
227,2
227,3
227,4
227,5
227,6
227,7
227,8
228,2
228,3
228,4
228,5
228,6
228,7
229,2
229,3
229,4
229,5
229,6
229,7
230,2
230,3
230,4
230,5
230,6
230,7
230,8
231,2
231,3
231,4
231,5
231,6
231,7
232,2
232,3
232,4
232,5
232,6
232,7
233,2
233,3
233,4
233,5
233,6
233,7
233,8
234,2
234,3
234,4
234,5
234,6
234,7
235,2
235,3
235,4
235,5
235,6
235,7
236,2
236,3
236,4
236,5
236,6
236,7
236,8
237,2
237,3
237,4
237,5
237,6
237,7
237,8
238,2
238,3
238,4
238,5
238,6
238,7
238,8
239,2
239,3
239,4
239,5
239,6
239,7
239,8
240,2
240,3
240,4
240,5
240,6
240,7
240,8
241,2
241,3
241,4
241,5
241,6
241,7
241,8
242,2
242,3
242,4
242,5
242,6
242,7
242,8
243,2
243,3
243,4
243,5
243,6
243,7
243,8
244,2
244,3
244,4
244,5
244,6
244,7
244,8
245,2
245,3
245,4
245,5
245,6
245,7
245,8
246,2
246,3
246,4
246,5
246,6
246,7
246,8
247,2
247,3
247,4
247,5
247,6
247,7
247,8
248,2
248,3
248,4
248,5
248,6
248,7
248,8
249,2
249,3
249,4
249,5
249,6
249,7
249,8
250,2
250,3
250,4
250,5
250,6
250,7
250,8
251,2
251,3
251,4
251,5
251,6
251,7
251,8
252,3
252,4
252,5
252,6
252,7
252,8
253,3
253,4
253,5
253,6
253,7
253,8
254,3
254,4
254,5
254,6
254,7
254,8
255,3
255,4
255,5
255,6
255,7
255,8
256,3
256,4
256,5
256,6
256,7
256,8
257,3
257,4
257,5
257,6
257,7
257,8
258,3
258,4
258,5
258,6
258,7
258,8
259,3
259,4
259,5
259,6
259,7
259,8
260,3
260,4
260,5
260,6
260,7
260,8
261,3
261,4
261,5
261,6
261,7
262,3
262,4
262,5
262,6
262,7
263,3
263,4
263,5
263,6
263,7
263,8
264,3
264,4
264,5
264,6
264,7
264,8
265,3
265,4
265,5
265,6
265,7
266,3
266,4
266,5
266,6
266,7
267,3
267,4
267,5
267,6
267,7
268,3
268,4
268,5
268,6
268,7
269,3
269,4
269,5
269,6
269,7
270,3
270,4
270,5
270,6
270,7
270,8
271,3
271,4
271,5
271,6
271,7
271,8
272,3
272,4
272,5
272,6
272,7
272,8
273,3
273,4
273,5
273,6
273,7
273,8
274,3
274,4
274,5
274,6
274,7
274,8
275,3
275,4
275,5
275,6
275,7
275,8
276,3
276,4
276,5
276,6
276,7
277,3
277,4
277,5
277,6
277,7
278,3
278,4
278,5
278,6
278,7
278,8
279,3
279,4
279,5
279,6
279,7
279,8
280,3
280,4
280,5
280,6
280,7
280,8
281,3
281,4
281,5
281,6
281,7
281,8
282,3
282,4
282,5
282,6
282,7
282,8
283,3
283,4
283,5
283,6
283,7
284,3
284,4
284,5
284,6
284,7
285,3
285,4
285,5
285,6
285,7
286,3
286,4
286,5
286,6
286,7
287,3
287,4
287,5
287,6
287,7
288,3
288,4
288,5
288,6
288,7
289,3
289,4
289,5
289,6
289,7
290,3
290,4
290,5
290,6
290,7
290,8
291,3
291,4
291,5
291,6
291,7
291,8
292,3
292,4
292,5
292,6
292,7
292,8
293,3
293,4
293,5
293,6
293,7
293,8
294,3
294,4
294,5
294,6
294,7
294,8
295,3
295,4
295,5
295,6
295,7
295,8
296,3
296,4
296,5
296,6
296,7
297,3
297,4
297,5
297,6
297,7
298,3
298,4
298,5
298,6
298,7
298,8
299,3
299,4
299,5
299,6
299,7
300,3
300,4
300,5
300,6
300,7
301,3
301,4
301,5
301,6
301,7
302,3
302,4
302,5
302,6
302,7
302,8
303,3
303,4
303,5
303,6
303,7
303,8
304,3
304,4
304,5
304,6
304,7
304,8
305,3
305,4
305,5
305,6
305,7
305,8
306,3
306,4
306,5
306,6
306,7
306,8
307,3
307,4
307,5
307,6
307,7
308,3
308,4
308,5
308,6
308,7
309,3
309,4
309,5
309,6
309,7
309,8
310,3
310,4
310,5
310,6
310,7
310,8
311,3
311,4
311,5
311,6
311,7
312,3
312,4
312,5
312,6
312,7
313,3
313,4
313,5
313,6
313,7
314,3
314,4
314,5
314,6
314,7
315,3
315,4
315,5
315,6
315,7
315,8
316,3
316,4
316,5
316,6
316,7
317,3
317,4
317,5
317,6
317,7
318,3
318,4
318,5
318,6
318,7
318,8
319,3
319,4
319,5
319,6
319,7
319,8
320,3
320,4
320,5
320,6
320,7
320,8
321,3
321,4
321,5
321,6
321,7
321,8
322,3
322,4
322,5
322,6
322,7
323,3
323,4
323,5
323,6
323,7
324,3
324,4
324,5
324,6
324,7
324,8
325,3
325,4
325,5
325,6
325,7
326,3
326,4
326,5
326,6
326,7
327,3
327,4
327,5
327,6
327,7
328,3
328,4
328,5
328,6
328,7
328,8
329,3
329,4
329,5
329,6
329,7
329,8
330,3
330,4
330,5
330,6
330,7
330,8
331,3
331,4
331,5
331,6
331,7
332,3
332,4
332,5
332,6
332,7
333,3
333,4
333,5
333,6
333,7
333,8
334,3
334,4
334,5
334,6
334,7
334,8
335,3
335,4
335,5
335,6
335,7
336,3
336,4
336,5
336,6
336,7
337,3
337,4
337,5
337,6
337,7
337,8
338,3
338,4
338,5
338,6
338,7
338,8
339,3
339,4
339,5
339,6
339,7
339,8
340,3
340,4
340,5
340,6
340,7
340,8
341,3
341,4
341,5
341,6
341,7
341,8
342,3
342,4
342,5
342,6
342,7
342,8
343,3
343,4
343,5
343,6
343,7
343,8
344,3
344,4
344,5
344,6
344,7
344,8
345,3
345,4
345,5
345,6
345,7
345,8
346,3
346,4
346,5
346,6
346,7
346,8
347,3
347,4
347,5
347,6
347,7
347,8
348,3
348,4
348,5
348,6
348,7
348,8
349,3
349,4
349,5
349,6
349,7
349,8
350,3
350,4
350,5
350,6
350,7
350,8
351,3
351,4
351,5
351,6
351,7
352,3
352,4
352,5
352,6
352,7
353,3
353,4
353,5
353,6
353,7
354,3
354,4
354,5
354,6
354,7
355,3
355,4
355,5
355,6
355,7
355,8
356,3
356,4
356,5
356,6
356,7
356,8
357,3
357,4
357,5
357,6
357,7
358,3
358,4
358,5
358,6
358,7
359,3
359,4
359,5
359,6
359,7
359,8
360,3
360,4
360,5
360,6
360,7
360,8
361,3
361,4
361,5
361,6
361,7
361,8
362,3
362,4
362,5
362,6
362,7
362,8
363,3
363,4
363,5
363,6
363,7
363,8
364,3
364,4
364,5
364,6
364,7
364,8
365,3
365,4
365,5
365,6
365,7
365,8
366,3
366,4
366,5
366,6
366,7
367,3
367,4
367,5
367,6
367,7
368,3
368,4
368,5
368,6
368,7
369,3
369,4
369,5
369,6
369,7
369,8
370,3
370,4
370,5
370,6
370,7
371,3
371,4
371,5
371,6
371,7
371,8
372,3
372,4
372,5
372,6
372,7
372,8
373,3
373,4
373,5
373,6
373,7
373,8
374,3
374,4
374,5
374,6
374,7
374,8
375,3
375,4
375,5
375,6
375,7
375,8
376,3
376,4
376,5
376,6
376,7
376,8
377,3
377,4
377,5
377,6
377,7
377,8
378,3
378,4
378,5
378,6
378,7
378,8
379,3
379,4
379,5
379,6
379,7
379,8
380,3
380,4
380,5
380,6
380,7
380,8
381,3
381,4
381,5
381,6
381,7
381,8
382,3
382,4
382,5
382,6
382,7
382,8
383,3
383,4
383,5
383,6
383,7
383,8
384,3
384,4
384,5
384,6
384,7
384,8
385,3
385,4
385,5
385,6
385,7
385,8
386,3
386,4
386,5
386,6
386,7
387,4
387,5
387,6
387,7
388,4
388,5
388,6
388,7
389,4
389,5
389,6
389,7
390,4
390,5
390,6
390,7
391,4
391,5
391,6
391,7
392,4
392,5
392,6
392,7
393,4
393,5
393,6
393,7
394,4
394,5
394,6
394,7
395,4
395,5
395,6
395,7
396,4
396,5
396,6
396,7
397,4
397,5
397,6
397,7
398,4
398,5
398,6
398,7
399,4
399,5
399,6
399,7
400,4
400,5
400,6
400,7
401,4
401,5
401,6
401,7
402,4
402,5
402,6
402,7
403,4
403,5
403,6
403,7
403,8
404,4
404,5
404,6
404,7
404,8
405,4
405,5
405,6
405,7
405,8
406,4
406,5
406,6
406,7
406,8
407,4
407,5
407,6
407,7
407,8
408,4
408,5
408,6
408,7
409,4
409,5
409,6
409,7
410,4
410,5
410,6
410,7
411,4
411,5
411,6
411,7
412,4
412,5
412,6
412,7
413,4
413,5
413,6
413,7
414,4
414,5
414,6
414,7
415,4
415,5
415,6
415,7
415,8
416,4
416,5
416,6
416,7
416,8
417,4
417,5
417,6
417,7
418,4
418,5
418,6
418,7
419,4
419,5
419,6
419,7
420,4
420,5
420,6
420,7
420,8
421,4
421,5
421,6
421,7
421,8
422,4
422,5
422,6
422,7
422,8
423,4
423,5
423,6
423,7
423,8
424,4
424,5
424,6
424,7
425,4
425,5
425,6
425,7
425,8
426,4
426,5
426,6
426,7
426,8
427,4
427,5
427,6
427,7
427,8
428,4
428,5
428,6
428,7
428,8
429,4
429,5
429,6
429,7
430,4
430,5
430,6
430,7
431,4
431,5
431,6
431,7
432,4
432,5
432,6
432,7
433,4
433,5
433,6
433,7
434,4
434,5
434,6
434,7
434,8
435,4
435,5
435,6
435,7
435,8
436,4
436,5
436,6
436,7
436,8
437,4
437,5
437,6
437,7
437,8
438,4
438,5
438,6
438,7
438,8
439,4
439,5
439,6
439,7
439,8
440,4
440,5
440,6
440,7
440,8
441,4
441,5
441,6
441,7
442,4
442,5
442,6
442,7
442,8
443,4
443,5
443,6
443,7
443,8
444,4
444,5
444,6
444,7
444,8
445,4
445,5
445,6
445,7
445,8
446,4
446,5
446,6
446,7
446,8
447,4
447,5
447,6
447,7
447,8
448,4
448,5
448,6
448,7
448,8
449,4
449,5
449,6
449,7
449,8
450,4
450,5
450,6
450,7
450,8
451,4
451,5
451,6
451,7
451,8
452,4
452,5
452,6
452,7
452,8
453,4
453,5
453,6
453,7
453,8
454,4
454,5
454,6
454,7
454,8
455,4
455,5
455,6
455,7
456,4
456,5
456,6
456,7
457,4
457,5
457,6
457,7
458,4
458,5
458,6
458,7
458,8
459,4
459,5
459,6
459,7
459,8
460,4
460,5
460,6
460,7
460,8
461,4
461,5
461,6
461,7
461,8
462,4
462,5
462,6
462,7
462,8
463,4
463,5
463,6
463,7
463,8
464,4
464,5
464,6
464,7
464,8
465,4
465,5
465,6
465,7
465,8
466,4
466,5
466,6
466,7
466,8
467,4
467,5
467,6
467,7
467,8
468,4
468,5
468,6
468,7
468,8
469,4
469,5
469,6
469,7
470,4
470,5
470,6
470,7
470,8
471,4
471,5
471,6
471,7
471,8
472,4
472,5
472,6
472,7
473,4
473,5
473,6
473,7
473,8
474,4
474,5
474,6
474,7
474,8
475,4
475,5
475,6
475,7
475,8
476,4
476,5
476,6
476,7
477,4
477,5
477,6
477,7
477,8
478,4
478,5
478,6
478,7
478,8
479,4
479,5
479,6
479,7
479,8
480,4
480,5
480,6
480,7
480,8
481,4
481,5
481,6
481,7
481,8
482,4
482,5
482,6
482,7
482,8
483,4
483,5
483,6
483,7
483,8
484,4
484,5
484,6
484,7
484,8
485,4
485,5
485,6
485,7
485,8
486,4
486,5
486,6
486,7
486,8
487,4
487,5
487,6
487,7
487,8
488,4
488,5
488,6
488,7
488,8
489,4
489,5
489,6
489,7
490,4
490,5
490,6
490,7
491,4
491,5
491,6
491,7
492,4
492,5
492,6
492,7
493,4
493,5
493,6
493,7
494,5
494,6
494,7
494,8
495,5
495,6
495,7
496,5
496,6
496,7
497,5
497,6
497,7
498,5
498,6
498,7
499,5
499,6
499,7
500,5
500,6
500,7
501,5
501,6
501,7
502,5
502,6
502,7
503,5
503,6
503,7
504,5
504,6
504,7
505,5
505,6
505,7
506,5
506,6
506,7
506,8
507,5
507,6
507,7
507,8
508,5
508,6
508,7
508,8
509,5
509,6
509,7
509,8
510,5
510,6
510,7
510,8
511,5
511,6
511,7
512,5
512,6
512,7
513,5
513,6
513,7
514,5
514,6
514,7
515,5
515,6
515,7
516,5
516,6
516,7
517,5
517,6
517,7
517,8
518,5
518,6
518,7
518,8
519,5
519,6
519,7
519,8
520,5
520,6
520,7
520,8
521,5
521,6
521,7
521,8
522,5
522,6
522,7
523,5
523,6
523,7
524,5
524,6
524,7
524,8
525,5
525,6
525,7
525,8
526,5
526,6
526,7
526,8
527,5
527,6
527,7
527,8
528,5
528,6
528,7
528,8
529,5
529,6
529,7
529,8
530,5
530,6
530,7
530,8
531,5
531,6
531,7
531,8
532,5
532,6
532,7
532,8
533,5
533,6
533,7
533,8
534,5
534,6
534,7
534,8
535,5
535,6
535,7
535,8
536,5
536,6
536,7
536,8
537,5
537,6
537,7
537,8
538,5
538,6
538,7
538,8
539,5
539,6
539,7
539,8
540,5
540,6
540,7
541,5
541,6
541,7
542,5
542,6
542,7
543,5
543,6
543,7
543,8
544,5
544,6
544,7
544,8
545,5
545,6
545,7
545,8
546,5
546,6
546,7
546,8
547,5
547,6
547,7
547,8
548,5
548,6
548,7
548,8
549,5
549,6
549,7
549,8
550,5
550,6
550,7
550,8
551,5
551,6
551,7
551,8
552,5
552,6
552,7
552,8
553,5
553,6
553,7
553,8
554,5
554,6
554,7
554,8
555,5
555,6
555,7
555,8
556,5
556,6
556,7
556,8
557,5
557,6
557,7
557,8
558,5
558,6
558,7
558,8
559,5
559,6
559,7
559,8
560,5
560,6
560,7
560,8
561,5
561,6
561,7
561,8
562,5
562,6
562,7
562,8
563,5
563,6
563,7
563,8
564,5
564,6
564,7
564,8
565,5
565,6
565,7
565,8
566,5
566,6
566,7
566,8
567,5
567,6
567,7
567,8
568,5
568,6
568,7
568,8
569,5
569,6
569,7
569,8
570,5
570,6
570,7
570,8
571,5
571,6
571,7
571,8
572,5
572,6
572,7
572,8
573,5
573,6
573,7
573,8
574,5
574,6
574,7
574,8
575,5
575,6
575,7
575,8
576,5
576,6
576,7
576,8
577,5
577,6
577,7
577,8
578,5
578,6
578,7
578,8
579,5
579,6
579,7
579,8
580,5
580,6
580,7
581,5
581,6
581,7
582,5
582,6
582,7
582,8
583,5
583,6
583,7
583,8
584,5
584,6
584,7
584,8
585,5
585,6
585,7
586,5
586,6
586,7
587,5
587,6
587,7
587,8
588,5
588,6
588,7
588,8
589,5
589,6
589,7
589,8
590,5
590,6
590,7
590,8
591,5
591,6
591,7
591,8
592,5
592,6
592,7
592,8
593,5
593,6
593,7
593,8
594,5
594,6
594,7
595,5
595,6
595,7
595,8
596,5
596,6
596,7
596,8
597,5
597,6
597,7
597,8
598,5
598,6
598,7
598,8
599,5
599,6
599,7
599,8
600,5
600,6
600,7
600,8
601,5
601,6
601,7
601,8
602,5
602,6
602,7
603,5
603,6
603,7
604,5
604,6
604,7
605,5
605,6
605,7
605,8
606,5
606,6
606,7
606,8
607,5
607,6
607,7
607,8
608,5
608,6
608,7
608,8
609,5
609,6
609,7
609,8
610,5
610,6
610,7
610,8
611,5
611,6
611,7
611,8
612,5
612,6
612,7
612,8
613,5
613,6
613,7
613,8
614,5
614,6
614,7
614,8
615,5
615,6
615,7
615,8
616,5
616,6
616,7
616,8
617,5
617,6
617,7
617,8
618,5
618,6
618,7
618,8
619,5
619,6
619,7
619,8
620,5
620,6
620,7
620,8
621,5
621,6
621,7
621,8
622,5
622,6
622,7
622,8
623,5
623,6
623,7
623,8
624,5
624,6
624,7
624,8
625,5
625,6
625,7
625,8
626,5
626,6
626,7
626,8
627,5
627,6
627,7
627,8
628,5
628,6
628,7
628,8
629,5
629,6
629,7
629,8
630,5
630,6
630,7
630,8
631,5
631,6
631,7
631,8
632,5
632,6
632,7
632,8
633,5
633,6
633,7
633,8
634,5
634,6
634,7
634,8
635,5
635,6
635,7
635,8
636,5
636,6
636,7
636,8
637,5
637,6
637,7
637,8
638,5
638,6
638,7
638,8
639,5
639,6
639,7
639,8
640,5
640,6
640,7
640,8
641,5
641,6
641,7
641,8
642,5
642,6
642,7
642,8
643,5
643,6
643,7
643,8
644,5
644,6
644,7
644,8
645,5
645,6
645,7
645,8
646,5
646,6
646,7
646,8
647,5
647,6
647,7
647,8
648,5
648,6
648,7
649,5
649,6
649,7
649,8
650,6
650,7
651,6
651,7
652,6
652,7
653,6
653,7
654,6
654,7
655,6
655,7
656,6
656,7
657,6
657,7
658,6
658,7
659,6
659,7
659,8
660,6
660,7
660,8
661,6
661,7
661,8
662,6
662,7
662,8
663,6
663,7
663,8
664,6
664,7
665,6
665,7
667,6
667,7
668,6
668,7
669,6
669,7
670,6
670,7
671,6
671,7
672,6
672,7
673,6
673,7
674,6
674,7
674,8
675,6
675,7
675,8
676,6
676,7
677,6
677,7
677,8
678,6
678,7
678,8
679,6
679,7
679,8
680,6
680,7
680,8
681,6
681,7
681,8
682,6
682,7
682,8
683,6
683,7
683,8
684,6
684,7
684,8
685,6
685,7
685,8
686,6
686,7
686,8
687,6
687,7
687,8
688,6
688,7
688,8
689,6
689,7
689,8
690,6
690,7
690,8
691,6
691,7
691,8
692,6
692,7
692,8
693,6
693,7
693,8
694,6
694,7
694,8
695,6
695,7
695,8
696,6
696,7
696,8
697,6
697,7
697,8
698,6
698,7
698,8
699,6
699,7
699,8
700,6
700,7
700,8
701,6
701,7
701,8
702,6
702,7
702,8
703,6
703,7
703,8
704,6
704,7
704,8
705,6
705,7
705,8
706,6
706,7
706,8
707,6
707,7
707,8
708,6
708,7
708,8
709,6
709,7
709,8
710,6
710,7
710,8
711,6
711,7
711,8
712,6
712,7
712,8
713,6
713,7
713,8
714,6
714,7
714,8
715,6
715,7
715,8
717,6
717,7
717,8
718,6
718,7
718,8
719,6
719,7
719,8
720,6
720,7
721,6
721,7
721,8
722,7
722,8
723,7
723,8
724,7
724,8
725,7
725,8
726,7
726,8
727,7
727,8
728,7
728,8
729,7
729,8
730,7
730,8
731,7
732,7
733,7
734,7
735,7
736,7
736,8
737,7
737,8
738,7
738,8
739,7
740,7
741,7
742,7
742,8
743,7
743,8
744,7
744,8
745,7
745,8
746,7
746,8
747,7
747,8
748,7
748,8
749,7
749,8
750,7
750,8
751,7
751,8
752,7
752,8
753,7
753,8
754,7
754,8
755,7
755,8
756,7
756,8
757,7
757,8
758,7
758,8
759,7
759,8
760,7
760,8
761,7
761,8
762,7
762,8
763,7
763,8
764,7
764,8
765,7
765,8
766,7
766,8
767,7
767,8
768,7
768,8
769,7
769,8
770,7
770,8
771,7
771,8
772,7
772,8
773,7
773,8
774,7
775,7
776,7
776,8
777,7
777,8
778,7
778,8
779,7
780,7
780,8
781,7
781,8
782,7
782,8
783,7
783,8
784,7
784,8
785,7
785,8
786,7
786,8
787,7
787,8
788,7
788,8
789,7
789,8
790,7
790,8
791,7
791,8
792,7
792,8
793,7
793,8
794,7
794,8
795,7
795,8
796,7
796,8
797,7
797,8
798,7
798,8
799,7
799,8
800,7
800,8
801,7
801,8
802,7
802,8
803,7
803,8
804,7
804,8
805,7
805,8
806,7
806,8
807,7
807,8
808,7
808,8
809,7
809,8
810,8
811,8
812,8
813,8
814,8
815,8
816,8
817,8
818,8
819,8
820,8
821,8
822,8
823,8
824,8
825,8
826,8
827,8
828,8
829,8
830,8
831,8
832,8
833,8
834,8
835,8
836,8
837,8
838,8
839,8
840,8
841,8
842,8
843,8
844,8
845,8
846,8
847,8
848,8
849,8
850,8
851,8
852,8
853,8
854,8
855,8
856,8
857,8
858,8
859,8
860,8
861,8
862,8
863,8
864,8
865,8
866,8
867,8
868,8
869,8
870,8
871,8
872,8
873,8
874,8
875,8
876,8
877,8
878,8
879,8
880,8
881,8
882,8
883,8
884,8
885,8
886,8
887,8
888,8
889,8
890,8
891,8
892,8
893,8
894,8
895,8
896,8
897,8
898,8
666,6
666,7
716,6
716,7
716,8
